<?xml version="1.0" encoding="UTF-8"?><rss version="2.0"
	xmlns:content="http://purl.org/rss/1.0/modules/content/"
	xmlns:dc="http://purl.org/dc/elements/1.1/"
	xmlns:atom="http://www.w3.org/2005/Atom"
	xmlns:sy="http://purl.org/rss/1.0/modules/syndication/"
	
	>
<channel>
	<title>
	Comments on: Join Zabibas Global Giveaway	</title>
	<atom:link href="/join-zabibas-global-giveaway/feed/" rel="self" type="application/rss+xml" />
	<link>/join-zabibas-global-giveaway/</link>
	<description>Just another WordPress site</description>
	<lastBuildDate>Tue, 26 Nov 2019 14:58:08 +0000</lastBuildDate>
	<sy:updatePeriod>
	hourly	</sy:updatePeriod>
	<sy:updateFrequency>
	1	</sy:updateFrequency>
	<generator>https://wordpress.org/?v=5.9</generator>
</channel>
</rss>
