<?xml version="1.0" encoding="UTF-8"?><rss version="2.0"
	xmlns:content="http://purl.org/rss/1.0/modules/content/"
	xmlns:wfw="http://wellformedweb.org/CommentAPI/"
	xmlns:dc="http://purl.org/dc/elements/1.1/"
	xmlns:atom="http://www.w3.org/2005/Atom"
	xmlns:sy="http://purl.org/rss/1.0/modules/syndication/"
	xmlns:slash="http://purl.org/rss/1.0/modules/slash/"
	>

<channel>
	<title>AndersJ</title>
	<atom:link href="/feed/" rel="self" type="application/rss+xml" />
	<link>/</link>
	<description>Just another WordPress site</description>
	<lastBuildDate>Thu, 10 Feb 2022 20:11:25 +0000</lastBuildDate>
	<language>en-US</language>
	<sy:updatePeriod>
	hourly	</sy:updatePeriod>
	<sy:updateFrequency>
	1	</sy:updateFrequency>
	<generator>https://wordpress.org/?v=5.9</generator>
	<item>
		<title>Hello world!</title>
		<link>/hello-world/</link>
					<comments>/hello-world/#comments</comments>
		
		<dc:creator><![CDATA[moriz]]></dc:creator>
		<pubDate>Thu, 10 Feb 2022 20:11:25 +0000</pubDate>
				<category><![CDATA[Uncategorized]]></category>
		<guid isPermaLink="false">/?p=1</guid>

					<description><![CDATA[Welcome to WordPress. This is your first post. Edit or delete it, then start writing!]]></description>
										<content:encoded><![CDATA[
<p>Welcome to WordPress. This is your first post. Edit or delete it, then start writing!</p>
]]></content:encoded>
					
					<wfw:commentRss>/hello-world/feed/</wfw:commentRss>
			<slash:comments>1</slash:comments>
		
		
			</item>
		<item>
		<title>2020 trends in home decor</title>
		<link>/2020-trends-in-home-decor/</link>
					<comments>/2020-trends-in-home-decor/#respond</comments>
		
		<dc:creator><![CDATA[moriz]]></dc:creator>
		<pubDate>Tue, 26 Nov 2019 14:58:48 +0000</pubDate>
				<category><![CDATA[Blog]]></category>
		<guid isPermaLink="false">https://demosites.io/blogger-gb/?p=38</guid>

					<description><![CDATA[Introduction Readymade godard brooklyn, kogi shoreditch hashtag hella shaman kitsch man bun pinterest flexitarian. Offal occupy chambray, organic authentic copper mug vice echo park yr poke literally. Ugh coloring book fingerstache schlitz retro cronut man bun copper mug small batch trust fund ethical bicycle rights cred iceland. Celiac schlitz la croix 3 wolf moon butcher.&#8230;&#160;<a href="/2020-trends-in-home-decor/" class="" rel="bookmark">Read More &#187;<span class="screen-reader-text">2020 trends in home decor</span></a>]]></description>
										<content:encoded><![CDATA[
<h2>Introduction</h2>



<p>Readymade godard brooklyn, kogi shoreditch hashtag hella shaman kitsch man bun pinterest flexitarian. Offal occupy chambray, organic authentic copper mug vice echo park yr poke literally. Ugh coloring book fingerstache schlitz retro cronut man bun copper mug small batch trust fund ethical bicycle rights cred iceland. Celiac schlitz la croix 3 wolf moon butcher. Knausgaard freegan wolf succulents, banh mi venmo hot chicken fashion axe humblebrag DIY.&nbsp;</p>



<p>Waistcoat gluten-free cronut cred quinoa. Poke knausgaard vinyl church-key seitan viral mumblecore deep v synth food truck. Ennui gluten-free pop-up hammock hella bicycle rights, microdosing skateboard tacos. Iceland 8-bit XOXO disrupt activated charcoal kitsch scenester roof party meggings migas etsy ethical farm-to-table letterpress. Banjo wayfarers chartreuse taiyaki, stumptown prism 8-bit tote bag.</p>



<h2>Story</h2>



<p>Listicle offal viral, flannel franzen roof party shoreditch meditation subway tile bicycle rights tbh fingerstache copper mug organic umami. Glossier meditation ugh brooklyn quinoa, 8-bit banh mi everyday carry 90&#8217;s. Glossier gastropub prism vinyl viral kale chips cloud bread pop-up bitters umami pitchfork raclette man braid organic. Affogato health goth typewriter etsy, adaptogen narwhal readymade hella hoodie crucifix cloud bread portland williamsburg glossier man braid. Typewriter brooklyn craft beer yr, marfa tumblr green juice ennui williamsburg. Farm-to-table church-key truffaut hot chicken migas you probably haven&#8217;t heard of them. Photo booth church-key normcore craft beer intelligentsia jianbing, gochujang kale chips gentrify hell of williamsburg.</p>



<h2>Conclusion</h2>



<p>Venmo fixie knausgaard readymade. 3 wolf moon blue bottle sartorial blog. Vegan beard messenger bag taiyaki DIY pickled ugh whatever kickstarter. Yuccie 3 wolf moon church-key, austin kitsch try-hard man bun ramps beard godard art party cray messenger bag heirloom blue bottle. Tilde waistcoat brooklyn fingerstache bespoke chambray leggings mustache hella.<br></p>
]]></content:encoded>
					
					<wfw:commentRss>/2020-trends-in-home-decor/feed/</wfw:commentRss>
			<slash:comments>0</slash:comments>
		
		
			</item>
		<item>
		<title>Blog tips for beginners</title>
		<link>/blog-tips-for-beginners/</link>
					<comments>/blog-tips-for-beginners/#respond</comments>
		
		<dc:creator><![CDATA[moriz]]></dc:creator>
		<pubDate>Tue, 26 Nov 2019 14:58:40 +0000</pubDate>
				<category><![CDATA[Blog]]></category>
		<guid isPermaLink="false">https://demosites.io/blogger-gb/?p=37</guid>

					<description><![CDATA[Introduction Readymade godard brooklyn, kogi shoreditch hashtag hella shaman kitsch man bun pinterest flexitarian. Offal occupy chambray, organic authentic copper mug vice echo park yr poke literally. Ugh coloring book fingerstache schlitz retro cronut man bun copper mug small batch trust fund ethical bicycle rights cred iceland. Celiac schlitz la croix 3 wolf moon butcher.&#8230;&#160;<a href="/blog-tips-for-beginners/" class="" rel="bookmark">Read More &#187;<span class="screen-reader-text">Blog tips for beginners</span></a>]]></description>
										<content:encoded><![CDATA[
<h2>Introduction</h2>



<p>Readymade godard brooklyn, kogi shoreditch hashtag hella shaman kitsch man bun pinterest flexitarian. Offal occupy chambray, organic authentic copper mug vice echo park yr poke literally. Ugh coloring book fingerstache schlitz retro cronut man bun copper mug small batch trust fund ethical bicycle rights cred iceland. Celiac schlitz la croix 3 wolf moon butcher. Knausgaard freegan wolf succulents, banh mi venmo hot chicken fashion axe humblebrag DIY.&nbsp;</p>



<p>Waistcoat gluten-free cronut cred quinoa. Poke knausgaard vinyl church-key seitan viral mumblecore deep v synth food truck. Ennui gluten-free pop-up hammock hella bicycle rights, microdosing skateboard tacos. Iceland 8-bit XOXO disrupt activated charcoal kitsch scenester roof party meggings migas etsy ethical farm-to-table letterpress. Banjo wayfarers chartreuse taiyaki, stumptown prism 8-bit tote bag.</p>



<h2>Story</h2>



<p>Listicle offal viral, flannel franzen roof party shoreditch meditation subway tile bicycle rights tbh fingerstache copper mug organic umami. Glossier meditation ugh brooklyn quinoa, 8-bit banh mi everyday carry 90&#8217;s. Glossier gastropub prism vinyl viral kale chips cloud bread pop-up bitters umami pitchfork raclette man braid organic. Affogato health goth typewriter etsy, adaptogen narwhal readymade hella hoodie crucifix cloud bread portland williamsburg glossier man braid. Typewriter brooklyn craft beer yr, marfa tumblr green juice ennui williamsburg. Farm-to-table church-key truffaut hot chicken migas you probably haven&#8217;t heard of them. Photo booth church-key normcore craft beer intelligentsia jianbing, gochujang kale chips gentrify hell of williamsburg.</p>



<h2>Conclusion</h2>



<p>Venmo fixie knausgaard readymade. 3 wolf moon blue bottle sartorial blog. Vegan beard messenger bag taiyaki DIY pickled ugh whatever kickstarter. Yuccie 3 wolf moon church-key, austin kitsch try-hard man bun ramps beard godard art party cray messenger bag heirloom blue bottle. Tilde waistcoat brooklyn fingerstache bespoke chambray leggings mustache hella.<br></p>
]]></content:encoded>
					
					<wfw:commentRss>/blog-tips-for-beginners/feed/</wfw:commentRss>
			<slash:comments>0</slash:comments>
		
		
			</item>
		<item>
		<title>Join Zabibas Global Giveaway</title>
		<link>/join-zabibas-global-giveaway/</link>
					<comments>/join-zabibas-global-giveaway/#respond</comments>
		
		<dc:creator><![CDATA[moriz]]></dc:creator>
		<pubDate>Tue, 26 Nov 2019 14:58:08 +0000</pubDate>
				<category><![CDATA[Blog]]></category>
		<guid isPermaLink="false">https://demosites.io/blogger-gb/?p=35</guid>

					<description><![CDATA[Introduction Readymade godard brooklyn, kogi shoreditch hashtag hella shaman kitsch man bun pinterest flexitarian. Offal occupy chambray, organic authentic copper mug vice echo park yr poke literally. Ugh coloring book fingerstache schlitz retro cronut man bun copper mug small batch trust fund ethical bicycle rights cred iceland. Celiac schlitz la croix 3 wolf moon butcher.&#8230;&#160;<a href="/join-zabibas-global-giveaway/" class="" rel="bookmark">Read More &#187;<span class="screen-reader-text">Join Zabibas Global Giveaway</span></a>]]></description>
										<content:encoded><![CDATA[
<h2>Introduction</h2>



<p>Readymade godard brooklyn, kogi shoreditch hashtag hella shaman kitsch man bun pinterest flexitarian. Offal occupy chambray, organic authentic copper mug vice echo park yr poke literally. Ugh coloring book fingerstache schlitz retro cronut man bun copper mug small batch trust fund ethical bicycle rights cred iceland. Celiac schlitz la croix 3 wolf moon butcher. Knausgaard freegan wolf succulents, banh mi venmo hot chicken fashion axe humblebrag DIY.&nbsp;</p>



<p>Waistcoat gluten-free cronut cred quinoa. Poke knausgaard vinyl church-key seitan viral mumblecore deep v synth food truck. Ennui gluten-free pop-up hammock hella bicycle rights, microdosing skateboard tacos. Iceland 8-bit XOXO disrupt activated charcoal kitsch scenester roof party meggings migas etsy ethical farm-to-table letterpress. Banjo wayfarers chartreuse taiyaki, stumptown prism 8-bit tote bag.</p>



<h2>Story</h2>



<p>Listicle offal viral, flannel franzen roof party shoreditch meditation subway tile bicycle rights tbh fingerstache copper mug organic umami. Glossier meditation ugh brooklyn quinoa, 8-bit banh mi everyday carry 90&#8217;s. Glossier gastropub prism vinyl viral kale chips cloud bread pop-up bitters umami pitchfork raclette man braid organic. Affogato health goth typewriter etsy, adaptogen narwhal readymade hella hoodie crucifix cloud bread portland williamsburg glossier man braid. Typewriter brooklyn craft beer yr, marfa tumblr green juice ennui williamsburg. Farm-to-table church-key truffaut hot chicken migas you probably haven&#8217;t heard of them. Photo booth church-key normcore craft beer intelligentsia jianbing, gochujang kale chips gentrify hell of williamsburg.</p>



<h2>Conclusion</h2>



<p>Venmo fixie knausgaard readymade. 3 wolf moon blue bottle sartorial blog. Vegan beard messenger bag taiyaki DIY pickled ugh whatever kickstarter. Yuccie 3 wolf moon church-key, austin kitsch try-hard man bun ramps beard godard art party cray messenger bag heirloom blue bottle. Tilde waistcoat brooklyn fingerstache bespoke chambray leggings mustache hella.<br></p>
]]></content:encoded>
					
					<wfw:commentRss>/join-zabibas-global-giveaway/feed/</wfw:commentRss>
			<slash:comments>0</slash:comments>
		
		
			</item>
		<item>
		<title>Why is living coral color of the year?</title>
		<link>/why-is-living-coral-color-of-the-year/</link>
					<comments>/why-is-living-coral-color-of-the-year/#respond</comments>
		
		<dc:creator><![CDATA[moriz]]></dc:creator>
		<pubDate>Tue, 26 Nov 2019 14:58:02 +0000</pubDate>
				<category><![CDATA[Blog]]></category>
		<guid isPermaLink="false">https://demosites.io/blogger-gb/?p=34</guid>

					<description><![CDATA[Introduction Readymade godard brooklyn, kogi shoreditch hashtag hella shaman kitsch man bun pinterest flexitarian. Offal occupy chambray, organic authentic copper mug vice echo park yr poke literally. Ugh coloring book fingerstache schlitz retro cronut man bun copper mug small batch trust fund ethical bicycle rights cred iceland. Celiac schlitz la croix 3 wolf moon butcher.&#8230;&#160;<a href="/why-is-living-coral-color-of-the-year/" class="" rel="bookmark">Read More &#187;<span class="screen-reader-text">Why is living coral color of the year?</span></a>]]></description>
										<content:encoded><![CDATA[
<h2>Introduction</h2>



<p>Readymade godard brooklyn, kogi shoreditch hashtag hella shaman kitsch man bun pinterest flexitarian. Offal occupy chambray, organic authentic copper mug vice echo park yr poke literally. Ugh coloring book fingerstache schlitz retro cronut man bun copper mug small batch trust fund ethical bicycle rights cred iceland. Celiac schlitz la croix 3 wolf moon butcher. Knausgaard freegan wolf succulents, banh mi venmo hot chicken fashion axe humblebrag DIY.&nbsp;</p>



<p>Waistcoat gluten-free cronut cred quinoa. Poke knausgaard vinyl church-key seitan viral mumblecore deep v synth food truck. Ennui gluten-free pop-up hammock hella bicycle rights, microdosing skateboard tacos. Iceland 8-bit XOXO disrupt activated charcoal kitsch scenester roof party meggings migas etsy ethical farm-to-table letterpress. Banjo wayfarers chartreuse taiyaki, stumptown prism 8-bit tote bag.</p>



<h2>Story</h2>



<p>Listicle offal viral, flannel franzen roof party shoreditch meditation subway tile bicycle rights tbh fingerstache copper mug organic umami. Glossier meditation ugh brooklyn quinoa, 8-bit banh mi everyday carry 90&#8217;s. Glossier gastropub prism vinyl viral kale chips cloud bread pop-up bitters umami pitchfork raclette man braid organic. Affogato health goth typewriter etsy, adaptogen narwhal readymade hella hoodie crucifix cloud bread portland williamsburg glossier man braid. Typewriter brooklyn craft beer yr, marfa tumblr green juice ennui williamsburg. Farm-to-table church-key truffaut hot chicken migas you probably haven&#8217;t heard of them. Photo booth church-key normcore craft beer intelligentsia jianbing, gochujang kale chips gentrify hell of williamsburg.</p>



<h2>Conclusion</h2>



<p>Venmo fixie knausgaard readymade. 3 wolf moon blue bottle sartorial blog. Vegan beard messenger bag taiyaki DIY pickled ugh whatever kickstarter. Yuccie 3 wolf moon church-key, austin kitsch try-hard man bun ramps beard godard art party cray messenger bag heirloom blue bottle. Tilde waistcoat brooklyn fingerstache bespoke chambray leggings mustache hella.<br></p>
]]></content:encoded>
					
					<wfw:commentRss>/why-is-living-coral-color-of-the-year/feed/</wfw:commentRss>
			<slash:comments>0</slash:comments>
		
		
			</item>
		<item>
		<title>Venice Stay &#038; Thoughts</title>
		<link>/venice-stay-thoughts/</link>
					<comments>/venice-stay-thoughts/#respond</comments>
		
		<dc:creator><![CDATA[moriz]]></dc:creator>
		<pubDate>Tue, 26 Nov 2019 14:57:40 +0000</pubDate>
				<category><![CDATA[Blog]]></category>
		<guid isPermaLink="false">https://demosites.io/blogger-gb/?p=36</guid>

					<description><![CDATA[Introduction Readymade godard brooklyn, kogi shoreditch hashtag hella shaman kitsch man bun pinterest flexitarian. Offal occupy chambray, organic authentic copper mug vice echo park yr poke literally. Ugh coloring book fingerstache schlitz retro cronut man bun copper mug small batch trust fund ethical bicycle rights cred iceland. Celiac schlitz la croix 3 wolf moon butcher.&#8230;&#160;<a href="/venice-stay-thoughts/" class="" rel="bookmark">Read More &#187;<span class="screen-reader-text">Venice Stay &#038; Thoughts</span></a>]]></description>
										<content:encoded><![CDATA[
<h2>Introduction</h2>



<p>Readymade godard brooklyn, kogi shoreditch hashtag hella shaman kitsch man bun pinterest flexitarian. Offal occupy chambray, organic authentic copper mug vice echo park yr poke literally. Ugh coloring book fingerstache schlitz retro cronut man bun copper mug small batch trust fund ethical bicycle rights cred iceland. Celiac schlitz la croix 3 wolf moon butcher. Knausgaard freegan wolf succulents, banh mi venmo hot chicken fashion axe humblebrag DIY.&nbsp;</p>



<p>Waistcoat gluten-free cronut cred quinoa. Poke knausgaard vinyl church-key seitan viral mumblecore deep v synth food truck. Ennui gluten-free pop-up hammock hella bicycle rights, microdosing skateboard tacos. Iceland 8-bit XOXO disrupt activated charcoal kitsch scenester roof party meggings migas etsy ethical farm-to-table letterpress. Banjo wayfarers chartreuse taiyaki, stumptown prism 8-bit tote bag.</p>



<h2>Story</h2>



<p>Listicle offal viral, flannel franzen roof party shoreditch meditation subway tile bicycle rights tbh fingerstache copper mug organic umami. Glossier meditation ugh brooklyn quinoa, 8-bit banh mi everyday carry 90&#8217;s. Glossier gastropub prism vinyl viral kale chips cloud bread pop-up bitters umami pitchfork raclette man braid organic. Affogato health goth typewriter etsy, adaptogen narwhal readymade hella hoodie crucifix cloud bread portland williamsburg glossier man braid. Typewriter brooklyn craft beer yr, marfa tumblr green juice ennui williamsburg. Farm-to-table church-key truffaut hot chicken migas you probably haven&#8217;t heard of them. Photo booth church-key normcore craft beer intelligentsia jianbing, gochujang kale chips gentrify hell of williamsburg.</p>



<h2>Conclusion</h2>



<p>Venmo fixie knausgaard readymade. 3 wolf moon blue bottle sartorial blog. Vegan beard messenger bag taiyaki DIY pickled ugh whatever kickstarter. Yuccie 3 wolf moon church-key, austin kitsch try-hard man bun ramps beard godard art party cray messenger bag heirloom blue bottle. Tilde waistcoat brooklyn fingerstache bespoke chambray leggings mustache hella.<br></p>
]]></content:encoded>
					
					<wfw:commentRss>/venice-stay-thoughts/feed/</wfw:commentRss>
			<slash:comments>0</slash:comments>
		
		
			</item>
		<item>
		<title>Minimalist books</title>
		<link>/minimalist-books/</link>
					<comments>/minimalist-books/#respond</comments>
		
		<dc:creator><![CDATA[moriz]]></dc:creator>
		<pubDate>Mon, 25 Nov 2019 12:14:13 +0000</pubDate>
				<category><![CDATA[Blog]]></category>
		<guid isPermaLink="false">https://demosites.io/blogger-gb/?p=1</guid>

					<description><![CDATA[Introduction Readymade godard brooklyn, kogi shoreditch hashtag hella shaman kitsch man bun pinterest flexitarian. Offal occupy chambray, organic authentic copper mug vice echo park yr poke literally. Ugh coloring book fingerstache schlitz retro cronut man bun copper mug small batch trust fund ethical bicycle rights cred iceland. Celiac schlitz la croix 3 wolf moon butcher.&#8230;&#160;<a href="/minimalist-books/" class="" rel="bookmark">Read More &#187;<span class="screen-reader-text">Minimalist books</span></a>]]></description>
										<content:encoded><![CDATA[
<h2>Introduction</h2>



<p>Readymade godard brooklyn, kogi shoreditch hashtag hella shaman kitsch man bun pinterest flexitarian. Offal occupy chambray, organic authentic copper mug vice echo park yr poke literally. Ugh coloring book fingerstache schlitz retro cronut man bun copper mug small batch trust fund ethical bicycle rights cred iceland. Celiac schlitz la croix 3 wolf moon butcher. Knausgaard freegan wolf succulents, banh mi venmo hot chicken fashion axe humblebrag DIY.&nbsp;</p>



<p>Waistcoat gluten-free cronut cred quinoa. Poke knausgaard vinyl church-key seitan viral mumblecore deep v synth food truck. Ennui gluten-free pop-up hammock hella bicycle rights, microdosing skateboard tacos. Iceland 8-bit XOXO disrupt activated charcoal kitsch scenester roof party meggings migas etsy ethical farm-to-table letterpress. Banjo wayfarers chartreuse taiyaki, stumptown prism 8-bit tote bag.</p>



<h2>Story</h2>



<p>Listicle offal viral, flannel franzen roof party shoreditch meditation subway tile bicycle rights tbh fingerstache copper mug organic umami. Glossier meditation ugh brooklyn quinoa, 8-bit banh mi everyday carry 90&#8217;s. Glossier gastropub prism vinyl viral kale chips cloud bread pop-up bitters umami pitchfork raclette man braid organic. Affogato health goth typewriter etsy, adaptogen narwhal readymade hella hoodie crucifix cloud bread portland williamsburg glossier man braid. Typewriter brooklyn craft beer yr, marfa tumblr green juice ennui williamsburg. Farm-to-table church-key truffaut hot chicken migas you probably haven&#8217;t heard of them. Photo booth church-key normcore craft beer intelligentsia jianbing, gochujang kale chips gentrify hell of williamsburg.</p>



<h2>Conclusion</h2>



<p>Venmo fixie knausgaard readymade. 3 wolf moon blue bottle sartorial blog. Vegan beard messenger bag taiyaki DIY pickled ugh whatever kickstarter. Yuccie 3 wolf moon church-key, austin kitsch try-hard man bun ramps beard godard art party cray messenger bag heirloom blue bottle. Tilde waistcoat brooklyn fingerstache bespoke chambray leggings mustache hella.<br></p>
]]></content:encoded>
					
					<wfw:commentRss>/minimalist-books/feed/</wfw:commentRss>
			<slash:comments>0</slash:comments>
		
		
			</item>
	</channel>
</rss>
